<?xml version="1.0" encoding="UTF-8"?>
<beans:beans xmlns="http://www.springframework.org/schema/mvc"
	xmlns:xsi="http://www.w3.org/2001/XMLSchema-instance"
	xmlns:mvc="http://www.springframework.org/schema/mvc"
	xmlns:beans="http://www.springframework.org/schema/beans"
	xmlns:context="http://www.springframework.org/schema/context"
	xsi:schemaLocation="http://www.springframework.org/schema/mvc https://www.springframework.org/schema/mvc/spring-mvc.xsd
		http://www.springframework.org/schema/beans https://www.springframework.org/schema/beans/spring-beans.xsd
		http://www.springframework.org/schema/context https://www.springframework.org/schema/context/spring-context.xsd">
	<!-- DispatcherServlet Context: defines this servlet's request-processing infrastructure -->
	<!-- Enables the Spring MVC @Controller programming model -->
	<mvc:annotation-driven/>
    <!-- Configures a handler for serving static resources by forwarding to the Servlet container's default Servlet -->
    <mvc:default-servlet-handler />
	<!-- Handles HTTP GET requests for /resources/** by efficiently serving up static resources in the ${webappRoot}/resources directory -->
	<resources mapping="/resources/**" location="/resources/" />
	<resources mapping="/css/**" location="/WEB-INF/bootstrap/css/" />
	<resources mapping="/scss/**" location="/WEB-INF/bootstrap/scss/" />
	<resources mapping="/js/**" location="/WEB-INF/bootstrap/js/" />
	<resources mapping="/fonts/**" location="/WEB-INF/bootstrap/fonts/" />
	<resources mapping="/images/**" location="/WEB-INF/bootstrap/images/" />
	<resources mapping="/plugins/**" location="/WEB-INF/bootstrap/plugins/" />
	<resources mapping="/assets/**" location="/WEB-INF/bootstrap/assets/" />
	<!-- Resolves views selected for rendering by @Controllers to .jsp resources in the /WEB-INF/views directory -->
	<beans:bean class="org.springframework.web.servlet.view.InternalResourceViewResolver">
		<beans:property name="prefix" value="/WEB-INF/views/" />
		<beans:property name="suffix" value=".jsp" />
	</beans:bean>	
	<context:component-scan base-package="com.ch.space" />
	<beans:bean id="sc" class="com.ch.space.service.SessionChk"></beans:bean>
	<interceptors>
		<interceptor>
			<mapping path="main.html"/>		
			<mapping path="updateForm.html"/>		
			<beans:ref bean="sc"/>
		</interceptor>
	</interceptors>
</beans:beans>