<?xml version="1.0" encoding="UTF-8"?>
<!DOCTYPE mapper PUBLIC "-//mybatis.org//DTD Mapper 3.0//EN"
"http://mybatis.org/dtd/mybatis-3-mapper.dtd">
<mapper namespace="activityns">
<resultMap type="activity" id="activity">
	<result property="activity_id" 			column="activity_id"/>
	<result property="activity_host_id" 	column="activity_host_id"/>
	<result property="activity_title" 		column="activity_title"/>
	<result property="activity_challenge" 	column="activity_challenge"/>
	<result property="activity_max" 		column="activity_max"/>
	<result property="activity_public" 		column="activity_public"/>
	<result property="activity_begin" 		column="activity_begin"/>
	<result property="activity_end" 		column="activity_end"/>
	<result property="activity_desc" 		column="activity_desc"/>
	<result property="activity_reg_date" 	column="activity_reg_date"/>
	<result property="activity_img" 		column="activity_img"/>
	<result property="activity_alert" 		column="activity_alert"/>
	<result property="activity_del" 		column="activity_del"/>
	<!-- 조인용 -->
	<result property="member_nickname" 		column="member_nickname"/>
	<result property="cnt_reply" 			column="cnt_reply"/>
	<result property="cnt_joiner" 			column="cnt_joiner"/>
</resultMap>
<select id="getList" parameterType="hashMap" resultType="activity">
<![CDATA[
	select
		activity_id, activity_title, activity_reg_date, activity_img, activity_end, member_nickname
	from 
		(
			select /*+INDEX_DESC(activity pk_activity)*/
			rownum rn,  a.activity_id, activity_title, activity_reg_date, activity_img, activity_end, m.member_nickname
		from 
			activity a, member m, joinact j
		where 
			a.activity_id=j.activity_id and m.member_id=a.activity_host_id and j.member_id=#{member_id}  and 
		]]>
		
	<![CDATA[
		rownum <= #{cri.pageNum} * #{cri.amount}
		)
	where rn> (#{cri.pageNum}-1)*#{cri.amount} order by activity_id desc
	]]>		
</select>

<select id="replyCnt" parameterType="integer" resultType="integer">
<![CDATA[
	select count(*) from reply where activity_id = #{activity_id}
	
	]]>		
</select>
<select id="joinerCnt" parameterType="integer" resultType="integer">
<![CDATA[
	select count(*) from joinact where activity_id = #{activity_id}
	
	]]>		
</select>


<select id="getTotal" resultType="int">
	select count(*) from activity where activity_id>0
</select>

<insert id="insert" parameterType="activity">
	insert into activity values(activity_seq.nextval, #{activity_host_id}, #{activity_title}, default,100,
	#{activity_public},to_date(#{activity_begin}, 'YYYY-MM-DD,HH24:MI'), to_date(#{activity_end}, 'YYYY-MM-DD,HH24:MI'),
	#{activity_desc},sysdate,#{activity_img},default,default)
</insert>

<select id="detail" parameterType="int" resultType="activity">
select
       a.activity_id, activity_host_id, activity_title, activity_challenge, activity_max, 
       activity_public, activity_begin, activity_end, 
       activity_desc, activity_reg_date, activity_img, activity_alert, activity_del, 
       m.member_nickname, count(reply_id) cnt_reply, count(m.member_id) cnt_joiner
		from 
			activity a, member m, joinact j, reply r 
		where 
			a.activity_id=j.activity_id and m.member_id=a.activity_host_id and r.activity_id(+)=a.activity_id and a.activity_id=#{activity_id}
   	 	group by a.activity_id, activity_host_id, activity_title, activity_challenge, activity_max, activity_public, activity_begin, activity_end, 
       activity_desc, activity_reg_date, activity_img, activity_alert, activity_del, 
       m.member_nickname
</select>
<select id="selectRecent" resultType="activity">
select  /*+INDEX_DESC(activity pk_activity)*/ rownum rn, activity_id, activity_title, activity_reg_date, activity_host_id 
from activity where rownum=1 and activity_host_id=#{activity_host_id}

</select>


</mapper>



