<?xml version="1.0" encoding="UTF-8"?>
<!DOCTYPE mapper PUBLIC "-//mybatis.org//DTD Mapper 3.0//EN"
"http://mybatis.org/dtd/mybatis-3-mapper.dtd">
<mapper namespace="catns">
<resultMap type="cat" id="cat">
	<result property="cat_id" 		column="cat_id"/>
	<result property="cat_name" 	column="cat_name"/>
	<result property="cat_same" 	column="cat_same"/>
	<result property="cat_simple" 	column="cat_simple"/>
</resultMap>
<select id="select" parameterType="integer" resultType="cat">
	select * from cat where cat_id=#{cat_id}
</select>
<select id="randomCat" parameterType="integer" resultType="integer">
	select * from (select cat_id from cat where cat_id!=#{cat_id} 
	order by DBMS_RANDOM.RANDOM) where rownum=1
</select>
</mapper>



