<?xml version="1.0" encoding="UTF-8"?>
<!DOCTYPE mapper PUBLIC "-//mybatis.org//DTD Mapper 3.0//EN"
"http://mybatis.org/dtd/mybatis-3-mapper.dtd">
<mapper namespace="choicens">
<resultMap type="choice" id="choice">
	<result property="choice_id" 		column="choice_id"/>
	<result property="quiz_id" 			column="quiz_id"/>
	<result property="choice_content" 	column="choice_content"/>
	<result property="choice_point" 	column="choice_point"/>
</resultMap>
<select id="selectByQuiz" parameterType="integer" resultMap="choice">
	select * from choice where quiz_id=#{quiz_id}
</select>
</mapper>



