<?xml version="1.0" encoding="UTF-8"?>
<!DOCTYPE configuration
PUBLIC "-//mybatis.org//DTD Config 3.0//EN"
"http://mybatis.org/dtd/mybatis-3-config.dtd">
<configuration>
	<typeAliases>
		<typeAlias alias="member" type="com.ch.space.model.Member"/>
		<typeAlias alias="activity" type="com.ch.space.model.Activity"/>
		<typeAlias alias="img" type="com.ch.space.model.Img"/>
		<typeAlias alias="joinact" type="com.ch.space.model.Joinact"/>
		<typeAlias alias="reply" type="com.ch.space.model.Reply"/>
		<typeAlias alias="conn" type="com.ch.space.model.Conn"/>
		<typeAlias alias="post" type="com.ch.space.model.Post"/>
		<typeAlias alias="quiz" type="com.ch.space.model.Quiz"/>
		<typeAlias alias="choice" type="com.ch.space.model.Choice"/>
		<typeAlias alias="cat" type="com.ch.space.model.Cat"/>
		<typeAlias alias="history" type="com.ch.space.model.History"/>
		<typeAlias alias="newmatch" type="com.ch.space.model.Newmatch"/>
		<typeAlias alias="alert" type="com.ch.space.model.Alert"/>
		<typeAlias alias="qgroup" type="com.ch.space.model.Qgroup"/>
		<typeAlias alias="score" type="com.ch.space.model.Score"/>
		<typeAlias alias="master" type="com.ch.space.model.Master"/>
	</typeAliases>
	<mappers>
		<mapper	resource="member.xml" />
		<mapper	resource="activity.xml" />
		<mapper	resource="img.xml" />
		<mapper	resource="joinact.xml" />
		<mapper	resource="reply.xml" />
		<mapper	resource="conn.xml" />
		<mapper	resource="post.xml" />
		<mapper	resource="quiz.xml" />
		<mapper	resource="choice.xml" />
		<mapper	resource="cat.xml" />
		<mapper	resource="history.xml" />
		<mapper	resource="newmatch.xml" />
		<mapper	resource="alert.xml" />
		<mapper	resource="qgroup.xml" />
		<mapper	resource="score.xml" />
		<mapper	resource="master.xml" />
	</mappers>
</configuration>