<?xml version="1.0" encoding="UTF-8"?>
<!DOCTYPE mapper PUBLIC "-//mybatis.org//DTD Mapper 3.0//EN"
"http://mybatis.org/dtd/mybatis-3-mapper.dtd">
<mapper namespace="connns">
<resultMap type="conn" id="conn">
	<result property="conn_friend1_id" 	column="conn_friend1_id"/>
	<result property="conn_friend2_id" 	column="conn_friend2_id"/>
	<result property="conn_reg_date" 	column="conn_reg_date"/>
	<result property="conn_del" 		column="conn_del"/>
</resultMap>
<select id="count" resultType="integer">
	select count(*) from conn
</select>
<insert id="insert" parameterType="conn">
	insert into conn values (#{conn_friend1_id},#{conn_friend2_id},sysdate,default)
</insert>
</mapper>



