<?xml version="1.0" encoding="UTF-8"?>
<!DOCTYPE mapper PUBLIC "-//mybatis.org//DTD Mapper 3.0//EN"
"http://mybatis.org/dtd/mybatis-3-mapper.dtd">
<mapper namespace="historyns">
<resultMap type="history" id="historyR">
	<result property="history_id" 		column="history_id"/>
	<result property="qgroup_id" 		column="qgroup_id"/>
	<result property="choice_id" 		column="choice_id"/>
	<result property="history_reg_date" column="history_reg_date"/>
	<!-- for coding -->
	<result property="quiz_id" 			column="quiz_id"/>
	<result property="choice_point" 	column="choice_point"/>
</resultMap>
<select id="listByCat" parameterType="com.ch.space.model.Qgroup" resultMap="historyR">
	select history_id,h.qgroup_id,h.choice_id,history_reg_date,quiz_id,choice_point 
	from qgroup q, history h, choice c 
	where cat_id = #{cat_id} and h.choice_id = c.choice_id and q.qgroup_id=h.qgroup_id 
	and member_id=#{member_id} order by quiz_id
</select>
<select id="integer"></select>
<select id="sameCatAnswer" parameterType="int" resultType="int">
	select count(*) from qgroup qg, history h, cat c 
	where qg.qgroup_id=h.qgroup_id and qg.cat_id=c.cat_id  
	and cat_simple='y' and member_id=#{member_id}
</select>
<select id="count" resultType="integer">
	select count(*) from history
</select>
<insert id="insert" parameterType="history">
	insert into history values (history_seq.nextval,#{qgroup_id},#{choice_id},sysdate)
</insert>
<select id="countAnswered" parameterType="integer" resultType="integer">
	select count(*) from history where qgroup_id=#{qgroup_id}
</select>
</mapper>



