<?xml version="1.0" encoding="UTF-8"?>
<!DOCTYPE mapper PUBLIC "-//mybatis.org//DTD Mapper 3.0//EN"
"http://mybatis.org/dtd/mybatis-3-mapper.dtd">
<mapper namespace="joinactns">
<resultMap type="joinact" id="joinact">
	<result property="activity_id" 		column="activity_id"/>
	<result property="member_id" 		column="member_id"/>
	<result property="joinact_del" 	    column="joinact_del"/>
	<result property="joinact_block" 	column="joinact_block"/>
</resultMap>
<insert id="insert" parameterType="activity">
	insert into joinact values(#{activity_id}, #{activity_host_id}, default, default)
</insert>
</mapper>



