<?xml version="1.0" encoding="UTF-8"?>
<!DOCTYPE mapper PUBLIC "-//mybatis.org//DTD Mapper 3.0//EN"
"http://mybatis.org/dtd/mybatis-3-mapper.dtd">
<mapper namespace="memberns">
<resultMap id="member" type="member">
	<result property="member_id" 			column="member_id" /> 
  	<result property="member_pass" 			column="member_pass" /> 
  	<result property="member_name" 			column="member_name" /> 
  	<result property="member_birth" 		column="member_birth" /> 
  	<result property="member_nickname" 		column="member_nickname" /> 
  	<result property="member_tel" 			column="member_tel" /> 
  	<result property="member_email" 		column="member_email" /> 
  	<result property="member_img" 			column="member_img" /> 
  	<result property="member_desc" 			column="member_desc" /> 
  	<result property="member_reg_date" 		column="member_reg_date" /> 
  	<result property="member_alert" 		column="member_alert" /> 
  	<result property="member_del" 			column="member_del" />
</resultMap>
<insert id="insert" parameterType="member">
	insert into member values (member_seq.nextval,#{member_pass},#{member_name},
	#{member_birth},#{member_nickname},#{member_tel},#{member_email},#{member_img},
	#{member_desc},sysdate,'n','n')
</insert>
<select id="selectId" parameterType="integer" resultType="member">
	select * from member where member_id=#{member_id}
</select>
<select id="count" resultType="integer">
	select count(*) from member
</select>
<select id="selectEmail" parameterType="string" resultType="member">
	select * from member where member_email=#{member_email}
</select>
<select id="select1" resultType="member" parameterType="string">
	select * from member where member_nickname=#{member_nickname}
</select>
<select id="select2" resultType="member" parameterType="string">
	select * from member where member_tel=#{member_tel}
</select>
<select id="find" resultType="member" parameterType="string">
	select * from member where member_name=#{member_name}
</select>
<update id="update" parameterType="member">
	update member set member_pass=#{member_pass}, member_name=#{member_name}, 
	member_birth=#{member_birth}, member_tel=#{member_tel}, member_nickname=#{member_nickname} 
	<if test="member_img!=null">
		,member_img=#{member_img} 
	</if>
	,member_desc=#{member_desc} where member_email= #{member_email} 
</update>
<delete id="delete">
	update member set member_del='y' where member_email=#{member_email}
</delete>
<select id="select" parameterType="int" resultType="member">
	select * from member where member_id=#{member_id}
</select> 
</mapper>



