<?xml version="1.0" encoding="UTF-8"?>
<!DOCTYPE mapper PUBLIC "-//mybatis.org//DTD Mapper 3.0//EN"
"http://mybatis.org/dtd/mybatis-3-mapper.dtd">
<mapper namespace="newmatchns">
<resultMap type="newmatch" id="newmatchR">
	<result property="newmatch_friend1_id" 	column="newmatch_friend1_id"/>
	<result property="newmatch_friend2_id" 	column="newmatch_friend2_id"/>
	<result property="newmatch_reg_date" 	column="newmatch_reg_date"/>
	<result property="newmatch_del" 		column="newmatch_del"/>
</resultMap>
<insert id="insert" parameterType="newmatch">
	insert into newmatch values (#{newmatch_friend1_id},#{newmatch_friend2_id},sysdate,default)
</insert>
<select id="selectMatched" parameterType="integer" resultMap="newmatchR">
	select newmatch_friend1_id,newmatch_friend2_id from newmatch 
	where (newmatch_friend1_id=#{member_id} or newmatch_friend2_id=#{member_id}) 
	and newmatch_del = 'n'
</select>
<update id="updateDel" parameterType="newmatch">
	update newmatch set newmatch_del='y' where 
	(newmatch_friend1_id=#{newmatch_friend1_id} or newmatch_friend1_id=#{newmatch_friend2_id}) and 
	(newmatch_friend2_id=#{newmatch_friend1_id} or newmatch_friend2_id=#{newmatch_friend2_id})
</update>
</mapper>



