<?xml version="1.0" encoding="UTF-8"?>
<!DOCTYPE mapper PUBLIC "-//mybatis.org//DTD Mapper 3.0//EN"
"http://mybatis.org/dtd/mybatis-3-mapper.dtd">
<mapper namespace="postns">
<resultMap type="post" id="post">
	<result property="post_id" 			column="post_id"/>
	<result property="post_position" 	column="post_position"/>
	<result property="post_writer_id"   column="post_writer_id"/>
	<result property="post_content" 	column="post_content"/>
	<result property="post_img" 		column="post_img"/>
	<result property="post_reg_date" 	column="post_reg_date"/>
	<result property="post_del" 		column="post_del"/>
</resultMap>
<select id="getPost1" parameterType="int" resultType="post">
	select * from (select * from post where post_position=1 and post_writer_id=#{member_id} order by rownum desc) where rownum=1 
</select>
<select id="getPost2" parameterType="int" resultType="post">
	select * from (select * from post where post_position=2 and post_writer_id=#{member_id} order by rownum desc) where rownum=1 
</select>
<select id="getPost3" parameterType="int" resultType="post">
	select * from (select * from post where post_position=3 and post_writer_id=#{member_id} order by rownum desc) where rownum=1 
</select>
<select id="getPost4" parameterType="int" resultType="post">
	select * from (select * from post where post_position=4 and post_writer_id=#{member_id} order by rownum desc) where rownum=1 
</select>
<select id="getPost5" parameterType="int" resultType="post">
	select * from (select * from post where post_position=5 and post_writer_id=#{member_id} order by rownum desc) where rownum=1 
</select>
<select id="getPost6" parameterType="int" resultType="post">
	select * from (select * from post where post_position=6 and post_writer_id=#{member_id} order by rownum desc) where rownum=1 
</select>
<insert id="insert" parameterType="post">
	insert into post values(post_seq.nextval, #{post_position}, #{post_writer_id}, #{post_content}, #{post_img}, sysdate, default)
</insert>

</mapper>



