<?xml version="1.0" encoding="UTF-8"?>
<!DOCTYPE mapper PUBLIC "-//mybatis.org//DTD Mapper 3.0//EN"
"http://mybatis.org/dtd/mybatis-3-mapper.dtd">
<mapper namespace="qgroupns">
<resultMap type="qgroup" id="qgroup">
	<result property="qgroup_id" 			column="qgroup_id"/>
	<result property="member_id" 			column="member_id"/>	
	<result property="qgroup_temp_member" 	column="qgroup_temp_member"/>
	<result property="cat_id" 				column="cat_id"/>
	<result property="qgroup_reg_date" 		column="qgroup_reg_date"/>
</resultMap>
<select id="list" parameterType="integer" resultMap="qgroup">
	select qgroup_id,member_id,cat_id,qgroup_reg_date from (select rowNum rn,a.* from 
	(select * from qgroup where member_id=#{member_id} order by qgroup_id desc) a) 
	where rn in (1,2)
</select>
<insert id="insertMain" parameterType="qgroup">
	insert into qgroup values (qgroup_seq.nextval,null,#{qgroup_temp_member},#{cat_id},sysdate)
</insert>
<select id="selectRecent" parameterType="string" resultType="qgroup">
	select * from (select * from qgroup where qgroup_temp_member=#{ip} order by qgroup_id desc) 
	where rownum = 1
</select>
<select id="select" parameterType="integer" resultType="qgroup">
	select * from qgroup where qgroup_id = #{qgroup_id}
</select>
<update id="updateMemInfo" parameterType="qgroup">
	update qgroup set member_id=#{member_id} where qgroup_id=#{qgroup_id}
</update>
</mapper>



