<?xml version="1.0" encoding="UTF-8"?>
<!DOCTYPE mapper PUBLIC "-//mybatis.org//DTD Mapper 3.0//EN"
"http://mybatis.org/dtd/mybatis-3-mapper.dtd">
<mapper namespace="quizns">
<resultMap type="quiz" id="quizR">
	<result property="quiz_id" 			column="quiz_id"/>
	<result property="cat_id" 			column="cat_id"/>
	<result property="quiz_title" 		column="quiz_title"/>
	<result property="quiz_level" 		column="quiz_level"/>
	
	<!-- coding use -->
	<result property="choice_id1" 		column="choice_id1"/>
	<result property="choice_id2" 		column="choice_id2"/>
	<result property="choice_content1" 	column="choice_content1"/>
	<result property="choice_content2" 	column="choice_content2"/>
	<result property="choice_point1" 	column="choice_point1"/>
	<result property="choice_point2" 	column="choice_point2"/>
</resultMap>
<select id="listByCat" parameterType="integer" resultMap="quizR">
	select * from quiz where cat_id=#{cat_id} order by quiz_id
</select>
<select id="randomQuiz" resultType="quiz">
	select * from (select * from quiz where quiz_level=1 
	order by DBMS_RANDOM.RANDOM) where rownum=1
</select>
<select id="select" parameterType="integer" resultType="quiz">
	select * from quiz where quiz_id=#{quiz_id}
</select>
<select id="questionsAnswered" parameterType="integer" resultMap="quizR">
	select distinct q.quiz_id from quiz q, choice c, history h where h.choice_id=c.choice_id 
	and q.quiz_id=c.quiz_id and qgroup_id=#{qgroup_id}
</select>
<select id="randomQuizCat" parameterType="com.ch.space.model.Quiz" resultType="quiz">
	select * from (select * from quiz where cat_id=#{cat_id} 
	<if test="quizList!=null and !quizList.equals('')">
		<foreach collection="quizList" item="id">
			and quiz_id!=#{id} 
		</foreach>
	</if>
	order by DBMS_RANDOM.RANDOM) where rownum=1
</select>
</mapper>



