<?xml version="1.0" encoding="UTF-8"?>
<!DOCTYPE mapper PUBLIC "-//mybatis.org//DTD Mapper 3.0//EN"
"http://mybatis.org/dtd/mybatis-3-mapper.dtd">
<mapper namespace="replyns">
<resultMap type="reply" id="reply">
	<result property="reply_id" 		column="reply_id"/>
	<result property="activity_id" 		column="activity_id"/>
	<result property="member_id" 		column="member_id"/>
	<result property="reply_content" 	column="reply_content"/>
	<result property="reply_img" 		column="reply_img"/>
	<result property="reply_reg_date" 	column="reply_reg_date"/>
	<result property="reply_del" 		column="reply_del"/>
</resultMap>
</mapper>



