<?xml version="1.0" encoding="UTF-8"?>
<!DOCTYPE mapper PUBLIC "-//mybatis.org//DTD Mapper 3.0//EN"
"http://mybatis.org/dtd/mybatis-3-mapper.dtd">
<mapper namespace="scorens">
<resultMap type="score" id="score">
	<result property="score_id" 		column="score_id"/>
	<result property="member_id" 		column="member_id"/>
	<result property="cat_id" 			column="cat_id"/>
	<result property="score_num" 		column="score_num"/>
	<result property="score_comp" 		column="score_comp"/>
	<!-- data transfer용 -->
	<result property="newmatch_friend1_id" 	column="newmatch_friend1_id"/>
	<result property="newmatch_friend2_id" 	column="newmatch_friend2_id"/>
	<result property="conn_friend1_id" 	column="conn_friend1_id"/>
	<result property="conn_friend2_id" 	column="conn_friend2_id"/>
	
</resultMap>
<select id="list" parameterType="integer" resultMap="score">
	select * from score where member_id=#{member_id}
</select>
<select id="selectByCatMem" parameterType="score" resultType="score">
	select * from score where cat_id = #{cat_id} and member_id = #{member_id}
</select>
<insert id="insert" parameterType="score">
	insert into score values 
	<choose>
		<when test="score_num!='not'">
			(score_seq.nextval,#{member_id},#{cat_id},#{score_num},null)
		</when> 
		<otherwise>
			(score_seq.nextval,#{member_id},#{cat_id},null,#{score_comp})
		</otherwise>
	</choose>
</insert>
<update id="update" parameterType="score">
	update score
	<set>
		<if test="score_num!='not'">
			score_num = #{score_num}
		</if> 
		<if test="score_num=='not'">
			score_comp = #{score_comp}
		</if>
	</set>
	where score_id = #{score_id}
</update>
<select id="listEveryone" parameterType="score" resultMap="score">
	select * from score where cat_id=#{cat_id} and member_id!=#{member_id}
</select>
<select id="listNewMatches" parameterType="score" resultMap="score">
	select s.score_id,s.member_id,s.cat_id,score_num,score_comp,  
		newmatch_friend1_id,newmatch_friend2_id 
	from score s, member m, newmatch nm 
	where s.member_id = m.member_id 
  		and m.member_id in (nm.newmatch_friend1_id,nm.newmatch_friend2_id) 
  		and s.cat_id=#{cat_id} 
  		and s.member_id=#{member_id}
  		and nm.newmatch_del='y'
</select>
<select id="listSelectively" parameterType="score" resultMap="score">
	select s.score_id,s.member_id,s.cat_id,score_num,score_comp, 
		conn_friend1_id,conn_friend2_id 
	from score s, member m, conn c 
	where s.member_id = m.member_id 
  		and m.member_id in (c.conn_friend1_id,c.conn_friend2_id) 
  		and s.cat_id=#{cat_id} 
  		and s.member_id=#{member_id}
</select>
</mapper>



